时间,用户名,操作,文件名
2025-07-31 09:31:08.736,jiangjianjun,上传 (STOR),RES361457.pdf
2025-07-31 09:31:08.772,jiangjianjun,上传 (STOR),RES361457.sha256
2025-07-31 09:31:08.793,jiangjianjun,上传 (STOR),RES223736.pdf
2025-07-31 09:31:08.836,jiangjianjun,上传 (STOR),RES223736.sha256
2025-07-31 09:31:08.856,zhangdan,上传 (STOR),RES392787.pdf
2025-07-31 09:31:08.904,zhangdan,上传 (STOR),RES392787.sha256
2025-07-31 09:31:08.922,chenqian,上传 (STOR),RES136432.pdf
2025-07-31 09:31:08.971,chenqian,上传 (STOR),RES136432.sha256
2025-07-31 09:31:08.992,molin,上传 (STOR),RES900648.pdf
2025-07-31 09:31:09.035,molin,上传 (STOR),RES900648.sha256
2025-07-31 09:31:09.055,langxiulan,上传 (STOR),RES279114.pdf
2025-07-31 09:31:09.102,langxiulan,上传 (STOR),RES279114.sha256
2025-07-31 09:31:09.124,hehongmei,上传 (STOR),RES206178.pdf
2025-07-31 09:31:09.176,hehongmei,上传 (STOR),RES206178.sha256
2025-07-31 09:31:09.198,sunhui,上传 (STOR),RES646690.pdf
2025-07-31 09:31:09.251,sunhui,上传 (STOR),RES646690.sha256
2025-07-31 09:31:09.273,jiayan,上传 (STOR),RES868448.pdf
2025-07-31 09:31:09.325,jiayan,上传 (STOR),RES868448.sha256
2025-07-31 09:31:09.347,langxiulan,上传 (STOR),RES983988.pdf
2025-07-31 09:31:09.384,langxiulan,上传 (STOR),RES983988.sha256
2025-07-31 09:31:09.405,xieguiying,上传 (STOR),RES592776.pdf
2025-07-31 09:31:09.453,xieguiying,上传 (STOR),RES592776.sha256
2025-07-31 09:31:09.471,wangyulan,上传 (STOR),OITt4ptLko42TT2rcy5r2cDwDduWpK.eml
2025-07-31 09:31:09.490,jiangjianjun,上传 (STOR),RES932061.pdf
2025-07-31 09:31:09.530,jiangjianjun,上传 (STOR),RES932061.sha256
2025-07-31 09:31:09.549,xieguiying,上传 (STOR),RES461068.pdf
2025-07-31 09:31:09.595,xieguiying,上传 (STOR),RES461068.sha256
2025-07-31 09:31:09.615,leiyu963,上传 (STOR),8vAIih5B9o8RULEcQcXVCvBiAT5G5lzqgBweB0DRjC3DZZZ9XtqC.eml
2025-07-31 09:31:09.637,hehongmei,上传 (STOR),RES636474.pdf
2025-07-31 09:31:09.707,sunhui,上传 (STOR),RES686752.pdf
2025-07-31 09:31:09.815,sunhui,上传 (STOR),RES686752.sha256
2025-07-31 09:31:09.833,sunrui573,上传 (STOR),CWAD6u1ArILKemNZLgTpRloMcNDk8Cd1iLw1r1JFz9AaH47s4Q33b.eml
2025-07-31 09:31:09.855,guanshuying,上传 (STOR),RES420430.pdf
2025-07-31 09:31:09.904,guanshuying,上传 (STOR),RES420430.sha256
2025-07-31 09:31:09.924,liying,上传 (STOR),RES640661.pdf
2025-07-31 09:31:09.964,liying,上传 (STOR),RES640661.sha256
2025-07-31 09:31:09.983,jiahongxia,上传 (STOR),RES435637.pdf
2025-07-31 09:31:10.019,jiahongxia,上传 (STOR),RES435637.sha256
2025-07-31 09:31:10.038,maguilan685,上传 (STOR),7g9szvsRrfKsHXXQbqQC8Hgafm84UvMJ7ELuIKIStPm5R2.eml
2025-07-31 09:31:10.057,hehongmei,上传 (STOR),RES137461.pdf
2025-07-31 09:31:10.095,hehongmei,上传 (STOR),RES137461.sha256
2025-07-31 09:31:10.113,jihui,上传 (STOR),RES365125.pdf
2025-07-31 09:31:10.156,jihui,上传 (STOR),RES365125.sha256
2025-07-31 09:31:10.176,sunhui,上传 (STOR),RES917525.pdf
2025-07-31 09:31:10.210,sunhui,上传 (STOR),RES917525.sha256
2025-07-31 09:31:10.227,shifeng,上传 (STOR),RES811407.pdf
2025-07-31 09:31:10.263,shifeng,上传 (STOR),RES811407.sha256
2025-07-31 09:31:10.281,chenfei,上传 (STOR),RES943463.pdf
2025-07-31 09:31:10.330,chenfei,上传 (STOR),RES943463.sha256
2025-07-31 09:31:10.350,haogang,上传 (STOR),RES413168.pdf
2025-07-31 09:31:10.388,haogang,上传 (STOR),RES413168.sha256
2025-07-31 09:31:10.406,hehongmei,上传 (STOR),RES803383.pdf
2025-07-31 09:31:10.449,hehongmei,上传 (STOR),RES803383.sha256
2025-07-31 09:31:10.468,liaoming724,上传 (STOR),C5OIftnvTAXc7VLqYQ0GeaUUIltiOMAITB2u87J3Ht.eml
2025-07-31 09:31:10.485,leiyu963,上传 (STOR),kGQsrpgoktCAvkcNhuzBqNSEfSRCQWJCrGIMG4FUFbpVadfq4sd0.eml
2025-07-31 09:31:10.505,xieguiying,上传 (STOR),RES961629.pdf
2025-07-31 09:31:10.548,xieguiying,上传 (STOR),RES961629.sha256
2025-07-31 09:31:10.565,sunhui,上传 (STOR),oHE1u4Uv1qdjMKnh6TR6qSFO.eml
2025-07-31 09:31:10.584,maguilan685,上传 (STOR),OITt4ptLko42TT2rcy5r2cDwDduWpK.eml
2025-07-31 09:31:10.605,shifeng,上传 (STOR),RES242128.pdf
2025-07-31 09:31:10.643,shifeng,上传 (STOR),RES242128.sha256
2025-07-31 09:31:10.661,dongjianhua,上传 (STOR),RES365867.pdf
2025-07-31 09:31:10.700,dongjianhua,上传 (STOR),RES365867.sha256
2025-07-31 09:31:10.719,yuyong,上传 (STOR),RES115756.pdf
2025-07-31 09:31:10.773,zhanglong,上传 (STOR),RES274988.pdf
2025-07-31 09:31:10.816,zhanglong,上传 (STOR),RES274988.sha256
2025-07-31 09:31:10.836,liunan,上传 (STOR),RES228055.pdf
2025-07-31 09:31:10.876,liunan,上传 (STOR),RES228055.sha256
2025-07-31 09:31:10.896,leiyu963,上传 (STOR),RpKmmAD8nI2jIg19yra4kSWg8G.eml
2025-07-31 09:31:10.915,jiayan,上传 (STOR),RES364261.pdf
2025-07-31 09:31:10.989,jiangjianjun,上传 (STOR),RES591259.pdf
2025-07-31 09:31:11.033,jiangjianjun,上传 (STOR),RES591259.sha256
2025-07-31 09:31:11.053,guli,上传 (STOR),RES578840.pdf
2025-07-31 09:31:11.093,guli,上传 (STOR),RES578840.sha256
2025-07-31 09:31:11.111,sunhui,上传 (STOR),iMb4aWmioBB2jj1hGIF3OrAFpY9B.eml
2025-07-31 09:31:11.130,chenfei,上传 (STOR),RES114358.pdf
2025-07-31 09:31:11.166,chenfei,上传 (STOR),RES114358.sha256
2025-07-31 09:31:11.241,guli,上传 (STOR),RES124893.pdf
2025-07-31 09:31:11.279,guli,上传 (STOR),RES124893.sha256
2025-07-31 09:31:11.298,liying,上传 (STOR),RES967383.pdf
2025-07-31 09:31:11.333,liying,上传 (STOR),RES967383.sha256
2025-07-31 09:31:11.352,wangyulan,上传 (STOR),RES119211.pdf
2025-07-31 09:31:11.393,wangyulan,上传 (STOR),RES119211.sha256
2025-07-31 09:31:11.412,hehongmei,上传 (STOR),RES275652.pdf
2025-07-31 09:31:11.462,hehongmei,上传 (STOR),RES275652.sha256
2025-07-31 09:31:11.482,dongjianhua,上传 (STOR),RES799154.pdf
2025-07-31 09:31:11.529,dongjianhua,上传 (STOR),RES799154.sha256
2025-07-31 09:31:11.546,wangyulan,上传 (STOR),Nls610oPuPx6Vub8bYdb2P0H6X4rNJEDxePYuIketJp17qWI.eml
2025-07-31 09:31:11.565,yangmin,上传 (STOR),RES853449.pdf
2025-07-31 09:31:11.606,yangmin,上传 (STOR),RES853449.sha256
2025-07-31 09:31:11.624,leiyu963,上传 (STOR),BQYh5MtP4Y4t4cBh.eml
2025-07-31 09:31:11.642,wangyulan,上传 (STOR),pJejl5FadcCVye1Cwz2.eml
2025-07-31 09:31:11.663,jiayan,上传 (STOR),RES214968.pdf
2025-07-31 09:31:11.704,jiayan,上传 (STOR),RES214968.sha256
2025-07-31 09:31:11.724,nanjun,上传 (STOR),RES514331.pdf
2025-07-31 09:31:11.762,nanjun,上传 (STOR),RES514331.sha256
2025-07-31 09:31:11.781,mahui,上传 (STOR),RES645563.pdf
2025-07-31 09:31:11.820,mahui,上传 (STOR),RES645563.sha256
2025-07-31 09:31:11.839,leiyu963,上传 (STOR),lqZhui2hlhIuYovvUHzIw0eA72JgS8Cos.eml
2025-07-31 09:31:11.858,sunhui,上传 (STOR),RES752352.pdf
2025-07-31 09:31:11.893,sunhui,上传 (STOR),RES752352.sha256
2025-07-31 09:31:11.911,molin,上传 (STOR),RES550565.pdf
2025-07-31 09:31:11.952,molin,上传 (STOR),RES550565.sha256
2025-07-31 09:31:11.971,nanjun,上传 (STOR),RES794870.pdf
2025-07-31 09:31:12.029,jiayan,上传 (STOR),RES817873.pdf
2025-07-31 09:31:12.070,jiayan,上传 (STOR),RES817873.sha256
2025-07-31 09:31:12.088,leiyu963,上传 (STOR),Tay2ndRRqlRzJgxOAXntPARizb5C5CFZVDawCuBjfF11wAu.eml
2025-07-31 09:31:12.108,jihui,上传 (STOR),RES946364.pdf
2025-07-31 09:31:12.152,jihui,上传 (STOR),RES946364.sha256
2025-07-31 09:31:12.172,jiahongxia,上传 (STOR),RES342693.pdf
2025-07-31 09:31:12.211,jiahongxia,上传 (STOR),RES342693.sha256
2025-07-31 09:31:12.231,zhanglong,上传 (STOR),RES559311.pdf
2025-07-31 09:31:12.271,zhanglong,上传 (STOR),RES559311.sha256
2025-07-31 09:31:12.289,yangmin,上传 (STOR),RES802786.pdf
2025-07-31 09:31:12.326,yangmin,上传 (STOR),RES802786.sha256
2025-07-31 09:31:12.344,haogang,上传 (STOR),RES657674.pdf
2025-07-31 09:31:12.384,haogang,上传 (STOR),RES657674.sha256
2025-07-31 09:31:12.403,gaoming,上传 (STOR),RES374459.pdf
2025-07-31 09:31:12.446,gaoming,上传 (STOR),RES374459.sha256
2025-07-31 09:31:12.465,guanshuying,上传 (STOR),RES758196.pdf
2025-07-31 09:31:12.507,guanshuying,上传 (STOR),RES758196.sha256
2025-07-31 09:31:12.525,liunan,上传 (STOR),RES487036.pdf
2025-07-31 09:31:12.635,liunan,上传 (STOR),RES487036.sha256
2025-07-31 09:31:12.653,liaoming724,上传 (STOR),SOEpjCzBB8O8DTweAt4UqLro6xvkbTMeP6Q.eml
2025-07-31 09:31:12.672,yangxin,上传 (STOR),RES227268.pdf
2025-07-31 09:31:12.709,yangxin,上传 (STOR),RES227268.sha256
2025-07-31 09:31:12.729,chenqian,上传 (STOR),RES489550.pdf
2025-07-31 09:31:12.772,chenqian,上传 (STOR),RES489550.sha256
2025-07-31 09:31:12.789,wangyulan,上传 (STOR),Op1ovAPErgTYbShrBoLvaUrEuRp0EsGi8or.eml
2025-07-31 09:31:12.808,gaoming,上传 (STOR),RES642513.pdf
2025-07-31 09:31:12.846,gaoming,上传 (STOR),RES642513.sha256
2025-07-31 09:31:12.865,dongjianhua,上传 (STOR),RES305432.pdf
2025-07-31 09:31:12.902,dongjianhua,上传 (STOR),RES305432.sha256
2025-07-31 09:31:12.921,chenfei,上传 (STOR),RES769902.pdf
2025-07-31 09:31:12.961,chenfei,上传 (STOR),RES769902.sha256
2025-07-31 09:31:12.981,langxiulan,上传 (STOR),RES642618.pdf
2025-07-31 09:31:13.020,langxiulan,上传 (STOR),RES642618.sha256
2025-07-31 09:31:13.040,chenjian,上传 (STOR),RES501097.pdf
2025-07-31 09:31:13.075,chenjian,上传 (STOR),RES501097.sha256
2025-07-31 09:31:13.094,wangyulan,上传 (STOR),RES136793.pdf
2025-07-31 09:31:13.131,wangyulan,上传 (STOR),RES136793.sha256
2025-07-31 09:31:13.150,sunhui,上传 (STOR),RES207876.pdf
2025-07-31 09:31:13.190,sunhui,上传 (STOR),RES207876.sha256
2025-07-31 09:31:13.209,jihui,上传 (STOR),RES157171.pdf
2025-07-31 09:31:13.265,maguilan685,上传 (STOR),mwUYKXOn0G67YBV8R6o4IMD5Q8jzJjmGvqPWnsYkvCmimlu9K4.eml
2025-07-31 09:31:13.283,sunhui,上传 (STOR),dzhPvNNAcG2ZtDkDfenLXrngTuKYGQdGNCIXjeKDJPOxPPMAZhX5T5cKWgH.eml
2025-07-31 09:31:13.302,mahui,上传 (STOR),RES750741.pdf
2025-07-31 09:31:13.357,sunrui573,上传 (STOR),mghfBY7gw5L84x1uTJAGuGsD3hUb.eml
2025-07-31 09:31:13.388,lijuan863,上传 (STOR),6PjapSgQyPWKgAf2VXmE.eml
2025-07-31 09:31:13.408,sunhui,上传 (STOR),TAawncfaHUd1KYOU3I0Nii.eml
2025-07-31 09:31:13.429,liunan,上传 (STOR),RES688280.pdf
2025-07-31 09:31:13.475,liunan,上传 (STOR),RES688280.sha256
2025-07-31 09:31:13.493,zhangyulan,上传 (STOR),RES377091.pdf
2025-07-31 09:31:13.539,zhangyulan,上传 (STOR),RES377091.sha256
2025-07-31 09:31:13.559,chenjun,上传 (STOR),RES741071.pdf
2025-07-31 09:31:13.600,chenjun,上传 (STOR),RES741071.sha256
2025-07-31 09:31:13.621,chenqian,上传 (STOR),RES554600.pdf
2025-07-31 09:31:13.678,yuyong,上传 (STOR),RES823449.pdf
2025-07-31 09:31:13.724,yuyong,上传 (STOR),RES823449.sha256
2025-07-31 09:31:13.743,leiyu963,上传 (STOR),OZU1gRYDGLVcrFV2VUJAj5OQKCoCbo5iTSqapPSqtU54J6mmzmcnCJWgeehI.eml
2025-07-31 09:31:13.761,lijuan863,上传 (STOR),3xpPLbF0d2Qj2SYG3r0v.eml
2025-07-31 09:31:13.781,langxiulan,上传 (STOR),RES266128.pdf
2025-07-31 09:31:13.837,langxiulan,上传 (STOR),RES667180.pdf
2025-07-31 09:31:13.876,langxiulan,上传 (STOR),RES667180.sha256
2025-07-31 09:31:13.896,guli,上传 (STOR),RES194408.pdf
2025-07-31 09:31:13.929,guli,上传 (STOR),RES194408.sha256
2025-07-31 09:31:13.948,guanshuying,上传 (STOR),RES357234.pdf
2025-07-31 09:31:13.983,guanshuying,上传 (STOR),RES357234.sha256
2025-07-31 09:31:14.002,sunhui,上传 (STOR),nsfHxHbn4srmgc3DeBGw4q6kHn5NWHJTY0K7Y1H.eml
2025-07-31 09:31:14.021,yangxin,上传 (STOR),RES948866.pdf
2025-07-31 09:31:14.068,yangxin,上传 (STOR),RES948866.sha256
2025-07-31 09:31:14.086,guanshuying,上传 (STOR),RES333853.pdf
2025-07-31 09:31:14.125,guanshuying,上传 (STOR),RES333853.sha256
2025-07-31 09:31:14.144,lijuan863,上传 (STOR),glmnk9z74RM3YFWadKHupVVUpadAYfa4hZyvHldpyEUrWSt4MeGWk.eml
2025-07-31 09:31:14.255,chenqian,上传 (STOR),RES884672.pdf
2025-07-31 09:31:14.311,shifeng,上传 (STOR),RES308045.pdf
2025-07-31 09:31:14.353,shifeng,上传 (STOR),RES308045.sha256
2025-07-31 09:31:14.373,jiangjianjun,上传 (STOR),RES298142.pdf
2025-07-31 09:31:14.408,jiangjianjun,上传 (STOR),RES298142.sha256
2025-07-31 09:31:14.428,jihui,上传 (STOR),RES999433.pdf
2025-07-31 09:31:14.470,jihui,上传 (STOR),RES999433.sha256
2025-07-31 09:31:14.487,maguilan685,上传 (STOR),ggE7qANE4rY7DWF9AxwKPYKJKj7NhrglF4ycwEcMqZkWUMx.eml
2025-07-31 09:31:14.506,sunhui,上传 (STOR),L6VcuUXAB644cCU94Y0hlwipkWh3owZEPppm4tO9JFywiqNed1UTl1g.eml
2025-07-31 09:31:14.526,liunan,上传 (STOR),RES306420.pdf
2025-07-31 09:31:14.566,liunan,上传 (STOR),RES306420.sha256
2025-07-31 09:31:14.587,jihui,上传 (STOR),RES359482.pdf
2025-07-31 09:31:14.633,jihui,上传 (STOR),RES359482.sha256
2025-07-31 09:31:14.653,shifeng,上传 (STOR),RES509894.pdf
2025-07-31 09:31:14.716,jihui,上传 (STOR),RES310826.pdf
2025-07-31 09:31:14.757,jihui,上传 (STOR),RES310826.sha256
2025-07-31 09:31:14.774,sunhui,上传 (STOR),15Sh3FTWRNUR0ZGCbb7jPuMgcPUWcKInFOfnEvcT5q2noDYHSlvoolmYt3Eyfl.eml
2025-07-31 09:31:14.793,wangyulan,上传 (STOR),RES635506.pdf
2025-07-31 09:31:14.840,wangyulan,上传 (STOR),RES635506.sha256
2025-07-31 09:31:14.860,shifeng,上传 (STOR),RES405180.pdf
2025-07-31 09:31:14.903,shifeng,上传 (STOR),RES405180.sha256
2025-07-31 09:31:14.923,gaoming,上传 (STOR),RES317032.pdf
2025-07-31 09:31:14.974,langxiulan,上传 (STOR),RES284620.pdf
2025-07-31 09:31:15.013,langxiulan,上传 (STOR),RES284620.sha256
2025-07-31 09:31:15.033,jihui,上传 (STOR),RES880369.pdf
2025-07-31 09:31:15.075,jihui,上传 (STOR),RES880369.sha256
2025-07-31 09:31:15.093,maguilan685,上传 (STOR),IwAvptnqOVvKiiJtmXfCtHOVDvDx9TBXMPqzXvz.eml
2025-07-31 09:31:15.112,guanshuying,上传 (STOR),RES913425.pdf
2025-07-31 09:31:15.147,guanshuying,上传 (STOR),RES913425.sha256
2025-07-31 09:31:15.167,langxiulan,上传 (STOR),RES553547.pdf
2025-07-31 09:31:15.209,langxiulan,上传 (STOR),RES553547.sha256
2025-07-31 09:31:15.228,zhanglong,上传 (STOR),RES326054.pdf
2025-07-31 09:31:15.301,guli,上传 (STOR),RES618293.pdf
2025-07-31 09:31:15.370,sunhui,上传 (STOR),YmZJFfNUjAI3hatJqijGQetr7pocLc.eml
